"Udledning af drivhusgasser efter enhed, kilde, branche, type,"
"drivhusgas, område og tid"

" ";" ";" ";" ";" ";" ";"2000";"2001";"2002";"2003";"2004";"2005";"2006";"2007";"2008";"2009";"2010";"2011"
"Udledning i ton"
" ";"I alt"
" ";" ";"I alt"
" ";" ";" ";"Faktisk udledning"
" ";" ";" ";" ";"CO2"
" ";" ";" ";" ";" ";"København";3185250;3276342;3179315;3343887;2978033;2899059;3093069;3116681;2786466;3000913;2669415;2377177
" ";" ";" ";" ";" ";"Frederiksberg";162080;172654;142885;131200;137897;129187;121834;119533;119978;118301;135071;131626
" ";" ";" ";" ";" ";"Ballerup";194483;196521;190827;200951;200748;182875;178364;184340;189437;183484;193473;179561
" ";" ";" ";" ";" ";"Brøndby";156580;159158;157998;162557;178876;202085;221305;283712;293083;271986;284053;270437
" ";" ";" ";" ";" ";"Dragør";41558;42585;42340;43688;43424;42541;41754;40355;39744;39636;40536;35899
" ";" ";" ";" ";" ";"Gentofte";220793;226904;224852;230787;229144;219482;209630;200795;199018;200965;206710;182840
" ";" ";" ";" ";" ";"Gladsaxe";338990;351744;335263;346992;359079;375349;336145;356209;376796;289419;409344;381861
" ";" ";" ";" ";" ";"Glostrup";132936;136636;133567;132398;136083;135786;182573;167878;173908;162500;167198;156101
" ";" ";" ";" ";" ";"Herlev";117641;120857;116808;122037;123394;118964;81358;90324;75382;74329;79529;70128
" ";" ";" ";" ";" ";"Albertslund";84936;82347;79502;81705;84040;77024;75124;83173;86731;103074;101563;89709
" ";" ";" ";" ";" ";"Hvidovre";1496594;1807384;2498303;2317432;2638095;1872076;2914350;2260822;2098268;2016490;1959541;1917047
" ";" ";" ";" ";" ";"Høje-Taastrup";340878;345221;327275;322668;343025;373234;443364;584921;584715;423624;584369;561850
" ";" ";" ";" ";" ";"Lyngby-Taarbæk";268881;277745;267345;265962;281124;278510;291380;279591;255584;236971;206600;188553
" ";" ";" ";" ";" ";"Rødovre";97079;98055;96410;98336;98823;96326;94160;99142;99642;96994;99470;92764
" ";" ";" ";" ";" ";"Ishøj";50084;49718;51156;52932;53789;52471;51432;109306;102575;94966;106726;101905
" ";" ";" ";" ";" ";"Tårnby";195564;190203;183686;192766;187305;178488;183291;239603;238693;224245;217259;182049
" ";" ";" ";" ";" ";"Vallensbæk";41560;42694;41751;33992;32807;35925;36123;35567;32089;29717;31747;29126
" ";" ";" ";" ";" ";"Furesø";101333;106131;102508;106631;107133;106230;98848;98069;101159;98307;101299;90561
" ";" ";" ";" ";" ";"Allerød";97923;101133;97266;98793;100335;95331;95392;97474;94697;93032;87219;79677
" ";" ";" ";" ";" ";"Fredensborg";158308;147656;148160;151293;148346;137199;136690;135382;128765;120416;121303;114714
" ";" ";" ";" ";" ";"Helsingør";270877;283494;276450;269919;270314;261167;249025;247776;247932;235848;270809;231816
" ";" ";" ";" ";" ";"Hillerød";311306;323350;305928;304901;305559;280911;293939;262853;244268;255910;291501;256523
" ";" ";" ";" ";" ";"Hørsholm";90382;90205;87749;91425;85961;82839;80607;75589;75322;75856;73813;65264
" ";" ";" ";" ";" ";"Rudersdal";400562;409430;402117;420654;463196;503323;519402;587365;589814;548885;548145;501761
" ";" ";" ";" ";" ";"Egedal";140089;145425;144408;148593;146983;144700;142678;136380;136009;133366;137701;122200
" ";" ";" ";" ";" ";"Frederikssund";374594;426631;436662;542544;435540;442598;453148;321439;282906;295002;304782;273521
" ";" ";" ";" ";" ";"Greve";159345;165374;162931;167142;168035;161085;159639;170223;167672;167405;179312;165131
" ";" ";" ";" ";" ";"Køge";401407;486052;460861;390604;385867;411062;399494;424751;440753;392485;424698;401777
" ";" ";" ";" ";" ";"Halsnæs";184251;184046;131393;155417;150189;161948;166591;176079;173406;129635;138541;141550
" ";" ";" ";" ";" ";"Roskilde";264578;272187;269098;282895;286670;276515;272544;281794;277054;338926;297910;260856
" ";" ";" ";" ";" ";"Solrød";65498;69275;67944;67304;67069;64605;63346;62912;60856;57527;57595;52740
" ";" ";" ";" ";" ";"Gribskov";183503;238582;173048;183611;192193;188253;191038;204516;194655;181293;186124;176350
" ";" ";" ";" ";" ";"Odsherred";149097;154094;151959;163067;165430;154256;148180;145926;142631;140749;145744;137515
" ";" ";" ";" ";" ";"Holbæk";290078;296555;292163;306038;302699;290788;286112;294358;292713;282627;294678;269673
" ";" ";" ";" ";" ";"Faxe";204408;211772;308587;288143;290379;292045;304107;315787;273610;224008;231780;234908
" ";" ";" ";" ";" ";"Kalundborg";4937900;4516990;3856556;5282944;3272146;3936057;5739333;4741725;3710646;3663593;2966010;2559410
" ";" ";" ";" ";" ";"Ringsted";163632;171021;167667;170432;171366;154287;155047;151479;149302;146579;147810;134744
" ";" ";" ";" ";" ";"Slagelse";1569293;1164143;1535108;2733076;1565134;1206101;2433926;1543897;1112453;597123;498563;327708
" ";" ";" ";" ";" ";"Stevns";132694;141902;136485;135966;132800;128633;123962;112184;109625;99468;101983;91765
" ";" ";" ";" ";" ";"Sorø";147831;152059;153683;160077;162734;145844;134102;132875;134267;127772;133888;123326
" ";" ";" ";" ";" ";"Lejre";101869;105605;106392;107470;104234;102466;100614;104582;102178;94110;95348;88001
" ";" ";" ";" ";" ";"Lolland";349475;354749;348019;365219;374429;363763;360802;377292;422617;344816;346147;360879
" ";" ";" ";" ";" ";"Næstved";413794;410561;406770;407765;399995;382881;370174;374113;355732;341622;361886;334500
" ";" ";" ";" ";" ";"Guldborgsund";317693;312995;324261;357385;357220;332422;325869;334177;381756;344901;349127;353889
" ";" ";" ";" ";" ";"Vordingborg";260919;259806;265614;273354;269411;271178;249292;243062;232237;215056;219636;208678
" ";" ";" ";" ";" ";"Bornholm";249477;243265;238989;238776;242497;224556;232327;211002;206367;214079;221449;184596
" ";" ";" ";" ";" ";"Middelfart";183333;229422;226953;237123;253387;256485;269569;255230;239796;208632;213589;206002
" ";" ";" ";" ";" ";"Assens";342175;350307;340770;365535;361528;344881;311524;295535;268071;228062;250745;240348
" ";" ";" ";" ";" ";"Faaborg-Midtfyn";361832;384179;369428;370355;367563;359362;343471;358841;348574;320544;328634;299659
" ";" ";" ";" ";" ";"Kerteminde";137295;141892;137952;144048;138741;133236;136284;143064;138256;127600;127266;121752
" ";" ";" ";" ";" ";"Nyborg";144951;140249;143441;143528;144136;143218;132138;149836;126406;115678;117463;112921
" ";" ";" ";" ";" ";"Odense";2154991;2189792;2102829;2193720;2281703;2171792;2348797;2065707;2301991;2256589;2345903;1665988
" ";" ";" ";" ";" ";"Svendborg";268780;291964;283555;285154;300805;283583;258461;249964;245222;239103;234672;227285
" ";" ";" ";" ";" ";"Nordfyns";192012;207918;207134;206124;203253;209826;189182;186322;177826;168627;183977;170524
" ";" ";" ";" ";" ";"Langeland";61603;64402;63185;61069;58562;56424;56335;56194;58293;57508;56686;53900
" ";" ";" ";" ";" ";"Ærø";33920;35229;34555;33369;32623;25654;24433;26364;24017;26027;26278;24630
" ";" ";" ";" ";" ";"Haderslev";372063;360610;358964;369674;391032;378958;346924;306307;297374;291828;301601;282956
" ";" ";" ";" ";" ";"Billund";269939;295993;272274;272356;276999;250621;180925;180338;188701;168966;173705;163358
" ";" ";" ";" ";" ";"Sønderborg";581311;524227;537860;561242;562465;541554;554820;552157;536518;462500;472184;459501
" ";" ";" ";" ";" ";"Tønder";462208;469558;454905;458466;462375;455277;438801;335322;320631;299019;316719;295825
" ";" ";" ";" ";" ";"Esbjerg";2188145;2538955;2423050;2682312;2278346;2249254;2710673;2508639;1719863;1860710;1852988;2643300
" ";" ";" ";" ";" ";"Fanø";6908;6802;7109;6674;6651;6614;6426;6726;7121;6909;6781;6791
" ";" ";" ";" ";" ";"Varde";362293;354412;346978;349987;350976;330343;315731;275585;269284;254682;244524;228845
" ";" ";" ";" ";" ";"Vejen";240810;247638;241493;252315;240921;238023;232151;240166;228400;225097;240340;212339
" ";" ";" ";" ";" ";"Aabenraa";3836456;3814255;4148083;4014744;3305358;1563749;2963484;2680881;3192164;2601861;3069204;1791281
" ";" ";" ";" ";" ";"Fredericia";1130483;1172964;1181408;1543639;1450189;1258440;1608409;1127621;1303385;1643147;1513660;1347757
" ";" ";" ";" ";" ";"Horsens";456290;477386;465260;482968;500913;490732;507319;455963;464606;446866;475280;435239
" ";" ";" ";" ";" ";"Kolding";579627;591700;584947;589413;601434;548505;565226;423175;398854;368121;378793;357383
" ";" ";" ";" ";" ";"Vejle";659404;669830;666249;689886;690748;688049;682058;485209;483393;481028;448067;414523
" ";" ";" ";" ";" ";"Herning";568172;585371;500309;457204;435568;426567;406616;423317;429975;406011;412179;404688
" ";" ";" ";" ";" ";"Holstebro";304433;314469;312285;317727;320809;299690;285385;280705;280647;258907;272242;251627
" ";" ";" ";" ";" ";"Lemvig";392488;406571;382160;365110;357196;335805;330653;301003;316819;314190;332754;315765
" ";" ";" ";" ";" ";"Struer";96640;98246;100479;100280;96816;89092;86020;95319;90541;88594;92759;85329
" ";" ";" ";" ";" ";"Syddjurs";162301;165349;169723;172554;171295;171991;158219;153489;148704;138702;139743;135976
" ";" ";" ";" ";" ";"Norddjurs";382786;393028;375374;364059;372681;344904;326518;195325;201568;184811;193514;195566
" ";" ";" ";" ";" ";"Favrskov";287535;289063;281043;282739;288340;308211;315444;278330;257215;222450;227234;213402
" ";" ";" ";" ";" ";"Odder";82738;76424;74646;76046;76017;76620;75933;78474;76247;73267;74231;69787
" ";" ";" ";" ";" ";"Randers";762202;798258;768403;761001;835466;754895;699918;532242;466772;395288;384720;344569
" ";" ";" ";" ";" ";"Silkeborg";609381;626804;595100;606994;608514;605142;629636;733795;758392;809937;788514;736356
" ";" ";" ";" ";" ";"Samsø";25521;28236;26445;24526;23707;23528;23190;24796;25437;24022;23843;22800
" ";" ";" ";" ";" ";"Skanderborg";180375;187289;188872;195675;193735;194331;186995;181482;176835;166143;168745;160145
" ";" ";" ";" ";" ";"Aarhus";2303595;3115267;3160041;3544393;3143522;2868241;3770241;3127334;3626343;3552149;3260879;3125668
" ";" ";" ";" ";" ";"Ikast-Brande";241421;249881;235530;227381;231600;230753;225282;260792;255676;255345;280480;255880
" ";" ";" ";" ";" ";"Ringkøbing-Skjern";523208;549236;548935;549744;537022;523899;484849;451774;446357;393108;423264;390793
" ";" ";" ";" ";" ";"Hedensted";419292;421062;413083;435288;449035;451376;469847;314787;327555;316357;342603;326977
" ";" ";" ";" ";" ";"Morsø";159415;169042;167648;177172;167392;161206;162910;170921;164283;161640;182050;163331
" ";" ";" ";" ";" ";"Skive";339940;353766;351269;366694;366401;342669;340391;353284;328025;302161;321940;298756
" ";" ";" ";" ";" ";"Thisted";356207;362884;350010;362407;358624;360758;336500;316471;313758;286184;303492;278806
" ";" ";" ";" ";" ";"Viborg";690464;694582;682456;682937;718319;732792;722181;701785;634415;603505;637414;608976
" ";" ";" ";" ";" ";"Brønderslev";158048;163402;161814;165478;166281;176412;176140;174896;168755;155279;162969;154396
" ";" ";" ";" ";" ";"Frederikshavn";465851;462977;438868;390910;399092;377905;388401;396744;409645;382896;414069;395933
" ";" ";" ";" ";" ";"Vesthimmerlands";327831;342781;338135;331334;331407;337828;344277;219378;230396;199300;204937;190790
" ";" ";" ";" ";" ";"Læsø";14355;14187;14838;14252;13314;14688;14526;13807;13735;13407;14320;13152
" ";" ";" ";" ";" ";"Rebild";156965;165136;162463;167938;166033;167183;163888;147922;149045;140049;146706;136332
" ";" ";" ";" ";" ";"Mariagerfjord";572493;585504;573537;587317;574598;583531;538959;464869;360182;319960;390291;313522
" ";" ";" ";" ";" ";"Jammerbugt";231405;248451;237989;240897;241180;240608;232536;231974;232398;226310;237489;218358
" ";" ";" ";" ";" ";"Aalborg";4734962;5038335;4803036;5996048;5018907;4927145;5687654;6223661;4775429;4638078;5023977;4062340
" ";" ";" ";" ";" ";"Hjørring";451799;458330;445633;426364;400210;366423;359530;354210;337432;308913;330993;367909
" ";" ";" ";" ";"Lattergas"
" ";" ";" ";" ";" ";"København";108;69;57;62;59;61;62;68;60;62;61;60
" ";" ";" ";" ";" ";"Frederiksberg";5;5;4;4;4;4;4;4;4;4;4;4
" ";" ";" ";" ";" ";"Ballerup";6;6;6;7;7;6;6;6;8;5;6;6
" ";" ";" ";" ";" ";"Brøndby";7;8;7;6;6;7;8;10;9;10;10;10
" ";" ";" ";" ";" ";"Dragør";4;4;4;4;3;4;4;4;3;2;3;3
" ";" ";" ";" ";" ";"Gentofte";5;5;5;5;5;5;5;5;6;5;5;5
" ";" ";" ";" ";" ";"Gladsaxe";8;8;8;8;9;10;9;11;10;7;12;12
" ";" ";" ";" ";" ";"Glostrup";9;9;9;10;10;10;11;11;10;11;12;11
" ";" ";" ";" ";" ";"Herlev";3;3;3;3;3;3;2;2;2;2;2;2
" ";" ";" ";" ";" ";"Albertslund";2;2;2;3;3;2;2;3;3;3;3;3
" ";" ";" ";" ";" ";"Hvidovre";16;22;35;40;45;37;48;37;23;40;41;40
" ";" ";" ";" ";" ";"Høje-Taastrup";61;62;60;76;262;35;37;45;45;36;43;44
" ";" ";" ";" ";" ";"Lyngby-Taarbæk";7;7;7;8;7;8;8;9;9;6;5;5
" ";" ";" ";" ";" ";"Rødovre";3;3;3;3;3;3;2;3;3;3;3;3
" ";" ";" ";" ";" ";"Ishøj";11;12;12;11;12;11;11;12;7;12;10;10
" ";" ";" ";" ";" ";"Tårnby";8;10;10;9;10;6;6;7;7;6;6;6
" ";" ";" ";" ";" ";"Vallensbæk";1;1;1;1;1;1;1;1;1;1;1;1
" ";" ";" ";" ";" ";"Furesø";7;7;7;7;8;7;7;5;4;3;4;4
" ";" ";" ";" ";" ";"Allerød";23;23;23;22;20;21;20;25;23;33;26;26
" ";" ";" ";" ";" ";"Fredensborg";35;35;32;32;30;28;27;24;18;26;22;22
" ";" ";" ";" ";" ";"Helsingør";27;28;27;25;26;25;24;25;32;28;27;27
" ";" ";" ";" ";" ";"Hillerød";78;76;75;68;70;69;67;68;62;62;61;62
" ";" ";" ";" ";" ";"Hørsholm";5;5;5;4;5;5;5;5;7;5;4;4
" ";" ";" ";" ";" ";"Rudersdal";16;17;17;17;18;19;20;21;19;17;20;19
" ";" ";" ";" ";" ";"Egedal";53;52;54;49;49;48;47;49;41;58;47;48
" ";" ";" ";" ";" ";"Frederikssund";139;136;134;132;131;129;125;108;105;106;102;103
" ";" ";" ";" ";" ";"Greve";35;32;31;32;31;33;32;29;20;25;24;24
" ";" ";" ";" ";" ";"Køge";179;191;221;181;130;136;132;114;85;94;93;94
" ";" ";" ";" ";" ";"Halsnæs";33;33;31;28;29;28;28;28;28;27;26;27
" ";" ";" ";" ";" ";"Roskilde";136;128;124;115;119;115;112;116;127;110;112;113
" ";" ";" ";" ";" ";"Solrød";20;20;20;18;18;17;17;21;34;20;24;24
" ";" ";" ";" ";" ";"Gribskov";103;101;101;92;91;89;87;84;88;67;76;77
" ";" ";" ";" ";" ";"Odsherred";162;159;155;146;144;138;134;140;116;148;129;130
" ";" ";" ";" ";" ";"Holbæk";355;348;348;324;332;323;314;339;366;288;316;320
" ";" ";" ";" ";" ";"Faxe";240;231;238;225;233;229;223;236;269;242;237;240
" ";" ";" ";" ";" ";"Kalundborg";432;412;402;373;367;357;363;368;373;337;338;338
" ";" ";" ";" ";" ";"Ringsted";174;166;163;156;157;149;145;163;105;160;137;138
" ";" ";" ";" ";" ";"Slagelse";371;353;358;345;343;331;333;358;366;325;332;331
" ";" ";" ";" ";" ";"Stevns";186;179;178;161;162;163;159;172;194;151;165;167
" ";" ";" ";" ";" ";"Sorø";161;162;155;143;149;148;144;149;162;162;151;152
" ";" ";" ";" ";" ";"Lejre";145;139;139;130;131;129;125;128;185;128;140;142
" ";" ";" ";" ";" ";"Lolland";553;538;546;526;542;532;518;525;545;506;499;505
" ";" ";" ";" ";" ";"Næstved";440;423;419;390;400;398;387;383;440;394;388;392
" ";" ";" ";" ";" ";"Guldborgsund";498;480;488;465;474;467;454;482;472;445;444;448
" ";" ";" ";" ";" ";"Vordingborg";343;332;333;305;313;306;297;324;325;295;300;303
" ";" ";" ";" ";" ";"Bornholm";336;324;319;295;301;296;288;296;289;297;281;284
" ";" ";" ";" ";" ";"Middelfart";161;153;144;134;147;139;136;157;213;148;165;167
" ";" ";" ";" ";" ";"Assens";290;280;286;268;265;271;263;260;354;273;283;286
" ";" ";" ";" ";" ";"Faaborg-Midtfyn";356;343;338;321;324;320;311;326;308;298;297;300
" ";" ";" ";" ";" ";"Kerteminde";132;129;120;120;120;116;113;129;155;125;130;132
" ";" ";" ";" ";" ";"Nyborg";291;265;208;191;442;170;166;172;147;169;155;157
" ";" ";" ";" ";" ";"Odense";178;188;204;142;369;147;146;154;152;140;155;149
" ";" ";" ";" ";" ";"Svendborg";247;239;235;220;220;216;210;216;174;199;188;190
" ";" ";" ";" ";" ";"Nordfyns";303;298;296;280;290;284;276;276;245;292;259;262
" ";" ";" ";" ";" ";"Langeland";185;178;185;168;170;166;161;162;183;177;166;168
" ";" ";" ";" ";" ";"Ærø";65;62;62;58;58;57;56;56;37;59;49;49
" ";" ";" ";" ";" ";"Haderslev";444;428;429;396;410;402;390;445;432;451;424;429
" ";" ";" ";" ";" ";"Billund";190;189;181;172;179;177;171;165;194;177;171;173
" ";" ";" ";" ";" ";"Sønderborg";378;369;368;351;810;356;346;370;397;342;353;358
" ";" ";" ";" ";" ";"Tønder";491;479;480;444;472;454;441;437;455;376;404;409
" ";" ";" ";" ";" ";"Esbjerg";331;323;317;297;307;289;285;281;262;259;256;267
" ";" ";" ";" ";" ";"Fanø";1;1;1;1;1;1;1;0;0;0;0;0
" ";" ";" ";" ";" ";"Varde";398;392;386;337;356;338;328;345;276;340;306;310
" ";" ";" ";" ";" ";"Vejen";373;376;370;339;361;345;336;354;327;337;325;328
" ";" ";" ";" ";" ";"Aabenraa";416;407;410;381;402;371;374;378;398;348;366;357
" ";" ";" ";" ";" ";"Fredericia";2584;2710;2369;2829;440;70;71;83;59;70;69;67
" ";" ";" ";" ";" ";"Horsens";279;274;276;256;268;258;251;258;211;246;229;231
" ";" ";" ";" ";" ";"Kolding";388;385;378;353;370;356;347;336;351;307;316;320
" ";" ";" ";" ";" ";"Vejle";998;508;507;479;493;489;476;456;507;442;447;452
" ";" ";" ";" ";" ";"Herning";567;563;552;507;523;516;502;502;534;502;492;497
" ";" ";" ";" ";" ";"Holstebro";334;336;329;317;326;326;317;322;339;286;302;305
" ";" ";" ";" ";" ";"Lemvig";253;247;241;222;229;231;225;226;242;228;223;226
" ";" ";" ";" ";" ";"Struer";172;168;168;158;164;160;155;176;130;154;147;148
" ";" ";" ";" ";" ";"Syddjurs";333;321;316;294;296;286;277;254;250;259;243;246
" ";" ";" ";" ";" ";"Norddjurs";413;405;394;365;375;371;360;371;381;367;357;362
" ";" ";" ";" ";" ";"Favrskov";370;356;348;326;338;334;325;352;348;312;322;325
" ";" ";" ";" ";" ";"Odder";172;163;161;155;160;161;156;156;120;148;135;137
" ";" ";" ";" ";" ";"Randers";487;467;459;429;493;421;409;453;441;419;419;424
" ";" ";" ";" ";" ";"Silkeborg";327;315;301;269;281;281;275;283;283;254;262;265
" ";" ";" ";" ";" ";"Samsø";53;52;51;47;49;49;48;41;60;42;46;46
" ";" ";" ";" ";" ";"Skanderborg";224;217;213;202;212;208;202;209;200;209;197;200
" ";" ";" ";" ";" ";"Aarhus";310;305;302;291;401;285;287;289;309;260;277;277
" ";" ";" ";" ";" ";"Ikast-Brande";259;259;258;236;245;250;243;222;163;220;193;195
" ";" ";" ";" ";" ";"Ringkøbing-Skjern";623;611;598;552;581;583;566;575;602;543;548;554
" ";" ";" ";" ";" ";"Hedensted";372;369;366;346;356;351;342;369;397;341;353;357
" ";" ";" ";" ";" ";"Morsø";291;284;278;262;271;265;257;266;277;247;252;255
" ";" ";" ";" ";" ";"Skive";391;383;375;347;352;350;341;354;369;308;328;332
" ";" ";" ";" ";" ";"Thisted";463;450;436;414;420;416;404;413;426;399;395;399
" ";" ";" ";" ";" ";"Viborg";560;526;512;475;493;488;475;479;421;444;427;433
" ";" ";" ";" ";" ";"Brønderslev";348;349;348;328;347;347;337;309;330;292;297;300
" ";" ";" ";" ";" ";"Frederikshavn";259;254;255;237;238;240;233;237;244;236;229;232
" ";" ";" ";" ";" ";"Vesthimmerlands";342;332;329;301;310;306;298;288;289;270;270;273
" ";" ";" ";" ";" ";"Læsø";12;10;10;9;8;8;8;9;6;9;8;8
" ";" ";" ";" ";" ";"Rebild";281;268;266;244;256;254;247;249;272;235;241;244
" ";" ";" ";" ";" ";"Mariagerfjord";354;340;327;304;312;312;303;286;323;258;278;280
" ";" ";" ";" ";" ";"Jammerbugt";393;383;375;351;362;358;348;380;336;375;348;352
" ";" ";" ";" ";" ";"Aalborg";625;613;603;586;594;593;589;590;539;532;532;533
" ";" ";" ";" ";" ";"Hjørring";430;412;416;392;394;380;370;363;345;368;343;350
" ";" ";" ";" ";"Methan"
" ";" ";" ";" ";" ";"København";6036;5165;5095;5149;4916;5022;4952;4116;3948;3566;3616;3453
" ";" ";" ";" ";" ";"Frederiksberg";26;22;20;18;16;14;14;14;13;12;11;10
" ";" ";" ";" ";" ";"Ballerup";133;138;124;120;121;100;90;190;292;264;267;253
" ";" ";" ";" ";" ";"Brøndby";190;180;171;44;42;40;39;41;39;38;42;32
" ";" ";" ";" ";" ";"Dragør";655;623;663;33;28;31;31;37;46;47;45;42
" ";" ";" ";" ";" ";"Gentofte";132;129;117;1090;984;983;511;439;435;423;408;396
" ";" ";" ";" ";" ";"Gladsaxe";192;208;171;156;161;152;128;119;115;109;117;103
" ";" ";" ";" ";" ";"Glostrup";4516;4342;4223;4130;5741;5569;4720;3897;4232;4084;3873;3786
" ";" ";" ";" ";" ";"Herlev";50;49;44;40;39;34;33;33;31;32;33;29
" ";" ";" ";" ";" ";"Albertslund";115;194;133;34;43;50;21;25;31;21;30;22
" ";" ";" ";" ";" ";"Hvidovre";370;603;1926;1708;1711;1411;2024;1582;1616;1077;1552;1253
" ";" ";" ";" ";" ";"Høje-Taastrup";2177;1995;1928;1636;236;292;545;307;341;354;339;323
" ";" ";" ";" ";" ";"Lyngby-Taarbæk";330;351;302;240;288;239;230;211;226;195;207;192
" ";" ";" ";" ";" ";"Rødovre";51;49;45;39;39;35;35;36;34;33;34;31
" ";" ";" ";" ";" ";"Ishøj";42;38;37;34;45;32;26;777;22;22;26;21
" ";" ";" ";" ";" ";"Tårnby";91;77;79;62;62;56;55;61;57;56;55;48
" ";" ";" ";" ";" ";"Vallensbæk";16;16;15;13;13;12;13;13;12;15;14;12
" ";" ";" ";" ";" ";"Furesø";104;107;82;88;89;91;67;63;127;108;114;103
" ";" ";" ";" ";" ";"Allerød";220;150;159;108;162;111;75;521;573;558;519;505
" ";" ";" ";" ";" ";"Fredensborg";402;410;436;398;405;308;179;177;188;200;204;195
" ";" ";" ";" ";" ";"Helsingør";752;829;732;615;608;582;635;512;487;454;537;471
" ";" ";" ";" ";" ";"Hillerød";913;936;873;869;828;721;624;628;516;566;635;571
" ";" ";" ";" ";" ";"Hørsholm";1385;1359;1246;1208;1112;1209;1273;1071;1089;1050;987;964
" ";" ";" ";" ";" ";"Rudersdal";209;205;194;182;170;162;153;160;147;138;171;141
" ";" ";" ";" ";" ";"Egedal";282;286;314;298;307;294;196;349;236;330;306;287
" ";" ";" ";" ";" ";"Frederikssund";1839;1737;1912;1149;854;547;762;925;1037;1044;1018;974
" ";" ";" ";" ";" ";"Greve";412;453;343;300;322;304;250;237;312;273;281;266
" ";" ";" ";" ";" ";"Køge";630;557;639;520;465;451;364;421;418;423;435;406
" ";" ";" ";" ";" ";"Halsnæs";240;200;194;235;224;197;367;263;536;373;468;453
" ";" ";" ";" ";" ";"Roskilde";2577;2465;2210;1820;1548;1384;1438;1284;1761;1686;1650;1583
" ";" ";" ";" ";" ";"Solrød";52;49;44;54;39;44;36;42;43;46;41;40
" ";" ";" ";" ";" ";"Gribskov";661;707;534;650;636;706;570;617;520;738;643;620
" ";" ";" ";" ";" ";"Odsherred";884;977;1007;955;820;913;689;906;1420;786;1091;1072
" ";" ";" ";" ";" ";"Holbæk";2223;2472;2454;1888;1969;1783;1734;1274;1398;1405;1418;1387
" ";" ";" ";" ";" ";"Faxe";773;661;644;605;638;595;409;646;449;529;518;503
" ";" ";" ";" ";" ";"Kalundborg";5303;5225;5164;3864;4309;4465;5051;5070;5213;4752;4606;4464
" ";" ";" ";" ";" ";"Ringsted";583;604;930;639;455;583;909;553;239;704;507;486
" ";" ";" ";" ";" ";"Slagelse";2632;2909;3221;3600;3486;3524;3865;2727;2698;2247;2403;2343
" ";" ";" ";" ";" ";"Stevns";521;483;569;511;382;356;298;367;189;314;289;275
" ";" ";" ";" ";" ";"Sorø";776;728;944;717;766;632;518;497;406;570;498;490
" ";" ";" ";" ";" ";"Lejre";390;305;342;1354;542;536;725;2632;1019;1007;963;938
" ";" ";" ";" ";" ";"Lolland";1129;1024;757;1524;1496;1496;1523;1627;1557;1328;1371;1343
" ";" ";" ";" ";" ";"Næstved";3214;2860;2867;3061;2934;2676;2608;2400;2755;2746;2602;2536
" ";" ";" ";" ";" ";"Guldborgsund";3485;3468;3544;3470;3228;2891;2969;3011;3506;3356;3317;3262
" ";" ";" ";" ";" ";"Vordingborg";1539;1495;1610;1595;1599;1430;1899;1356;622;1351;1118;1106
" ";" ";" ";" ";" ";"Bornholm";2701;2634;2675;1660;1669;1766;1617;1842;1624;1879;1807;1794
" ";" ";" ";" ";" ";"Middelfart";2263;2385;1899;2794;2989;2820;2205;2128;1926;1238;1632;1611
" ";" ";" ";" ";" ";"Assens";2234;2169;2320;2023;2198;1962;1935;2312;3157;2131;2448;2418
" ";" ";" ";" ";" ";"Faaborg-Midtfyn";3769;3970;3774;3603;3807;3122;2855;3044;3494;2282;2968;2929
" ";" ";" ";" ";" ";"Kerteminde";540;539;380;449;414;379;502;332;119;392;270;260
" ";" ";" ";" ";" ";"Nyborg";6524;6194;6399;6125;5631;5289;4927;4815;5331;5374;5038;4946
" ";" ";" ";" ";" ";"Odense";3258;3131;2710;2012;1528;1166;817;894;605;832;836;784
" ";" ";" ";" ";" ";"Svendborg";1787;1973;1534;1762;1856;1827;2421;2112;1318;1793;1715;1696
" ";" ";" ";" ";" ";"Nordfyns";2027;1845;1994;1979;1802;1690;1809;1630;1664;1968;1788;1761
" ";" ";" ";" ";" ";"Langeland";905;898;652;939;651;801;630;697;1179;807;903;901
" ";" ";" ";" ";" ";"Ærø";735;778;766;711;536;633;558;545;92;663;442;439
" ";" ";" ";" ";" ";"Haderslev";7285;7137;7364;6028;5469;5676;4799;5030;5805;4602;5217;5163
" ";" ";" ";" ";" ";"Billund";2849;2440;2676;2788;2585;2866;2974;2844;1443;2423;2262;2231
" ";" ";" ";" ";" ";"Sønderborg";2767;2492;2284;2405;2080;1997;1950;1434;1265;1355;1383;1330
" ";" ";" ";" ";" ";"Tønder";11554;12733;13180;12119;12369;13166;12798;13114;13148;12377;12831;12749
" ";" ";" ";" ";" ";"Esbjerg";7591;7911;7963;8046;8428;8492;8797;9179;8455;9223;8970;8907
" ";" ";" ";" ";" ";"Fanø";64;205;124;92;55;84;120;28;141;47;73;72
" ";" ";" ";" ";" ";"Varde";11411;12432;11731;12245;12514;12825;13345;13846;14282;13937;14041;14090
" ";" ";" ";" ";" ";"Vejen";7641;7590;7721;8296;8454;8384;7982;8847;8420;9667;9016;8953
" ";" ";" ";" ";" ";"Aabenraa";7681;7820;7640;8610;8781;8674;8083;8829;8447;9539;9150;9069
" ";" ";" ";" ";" ";"Fredericia";3352;3568;3409;4429;4887;4450;5256;4228;4719;4632;4605;4130
" ";" ";" ";" ";" ";"Horsens";4437;4371;3977;4126;2379;2333;2095;2163;2217;2657;2421;2362
" ";" ";" ";" ";" ";"Kolding";4458;4357;4306;4053;3869;3656;4096;4045;3376;3244;3278;3220
" ";" ";" ";" ";" ";"Vejle";5047;5884;4823;4899;5379;4997;4797;4911;5437;4654;5065;5012
" ";" ";" ";" ";" ";"Herning";8633;8946;7740;8874;7747;7813;7994;8461;7925;7966;8250;8200
" ";" ";" ";" ";" ";"Holstebro";5317;6041;5848;5304;5434;5564;5562;5211;6239;6375;6047;5997
" ";" ";" ";" ";" ";"Lemvig";4268;4032;4124;4503;4171;4329;4703;4122;5326;3914;4509;4466
" ";" ";" ";" ";" ";"Struer";1566;1282;2074;1546;1062;1450;1140;1323;816;1570;1260;1244
" ";" ";" ";" ";" ";"Syddjurs";2010;1675;1957;2098;1990;1996;1677;1898;1847;1720;1842;1822
" ";" ";" ";" ";" ";"Norddjurs";3689;3489;2440;2795;3694;3409;3704;3363;3377;3949;3544;3501
" ";" ";" ";" ";" ";"Favrskov";2244;1734;2049;2028;2006;1721;1862;1998;1236;1204;1278;1251
" ";" ";" ";" ";" ";"Odder";681;576;649;508;295;422;529;430;265;316;337;326
" ";" ";" ";" ";" ";"Randers";3094;3109;3434;2916;2974;2773;2693;2939;3403;2641;2989;2937
" ";" ";" ";" ";" ";"Silkeborg";4699;4689;5661;4636;4336;4331;4905;4394;5357;4282;4859;4760
" ";" ";" ";" ";" ";"Samsø";314;345;363;367;292;286;294;320;227;293;283;281
" ";" ";" ";" ";" ";"Skanderborg";1613;3497;2545;2673;2330;2287;2326;3044;3021;2123;2445;2413
" ";" ";" ";" ";" ";"Aarhus";3907;4173;4129;3892;3442;3596;3630;2272;2070;2139;2096;2023
" ";" ";" ";" ";" ";"Ikast-Brande";3268;3819;2865;3208;3107;3227;2912;3275;2121;2995;2867;2832
" ";" ";" ";" ";" ";"Ringkøbing-Skjern";10117;10679;11058;10515;10916;9740;10182;10754;10395;10310;10461;10370
" ";" ";" ";" ";" ";"Hedensted";2296;2157;2300;1957;1745;1989;1686;2028;1937;1459;1833;1825
" ";" ";" ";" ";" ";"Morsø";2279;2406;2375;2232;2400;2069;2233;2028;2269;2134;2178;2155
" ";" ";" ";" ";" ";"Skive";5507;5597;5425;5145;4803;5370;5622;4622;6845;5289;5807;5757
" ";" ";" ";" ";" ";"Thisted";5638;6556;5787;5996;5788;5648;5812;5697;6002;7382;6904;6826
" ";" ";" ";" ";" ";"Viborg";10364;9917;9791;10447;10458;10022;9750;11321;10090;11335;11035;10909
" ";" ";" ";" ";" ";"Brønderslev";3188;3733;2840;3081;3068;3593;4375;3375;3318;3222;3342;3302
" ";" ";" ";" ";" ";"Frederikshavn";2631;2649;3619;2501;2046;2185;1925;2932;3036;3101;3019;2935
" ";" ";" ";" ";" ";"Vesthimmerlands";8406;8507;8704;9137;9331;9221;9640;8368;7785;7655;8020;7958
" ";" ";" ";" ";" ";"Læsø";220;182;209;218;300;194;149;196;274;175;211;210
" ";" ";" ";" ";" ";"Rebild";5178;5166;5305;5546;4980;5504;6067;5395;6473;5153;5754;5723
" ";" ";" ";" ";" ";"Mariagerfjord";5702;5725;5614;5339;5271;5641;6036;5720;4538;5575;5375;5191
" ";" ";" ";" ";" ";"Jammerbugt";4660;4939;4585;4966;5027;4718;4019;4861;5005;4671;4888;4843
" ";" ";" ";" ";" ";"Aalborg";7086;6852;7351;9499;8779;9009;9307;8864;7513;7234;7370;7251
" ";" ";" ";" ";" ";"Hjørring";9151;9007;8571;8854;9279;8692;7584;9085;10029;9699;9608;9491
" ";" ";" ";" ";"GWP (CO2-ækvivalenter)"
" ";" ";" ";" ";" ";"København";3345437;3406061;3303868;3471152;3099630;3023394;3216348;3224109;2887845;3094972;2764213;2468244
" ";" ";" ";" ";" ";"Frederiksberg";164144;174686;144591;132835;139565;130727;123306;120949;121561;119671;136608;133046
" ";" ";" ";" ";" ";"Ballerup";199203;201143;195220;205525;205485;186749;182002;190065;198100;190495;201008;186766
" ";" ";" ";" ";" ";"Brøndby";162846;165259;163743;165271;181721;205168;224572;287768;296628;275801;288085;274241
" ";" ";" ";" ";" ";"Dragør";56697;56830;57422;45505;44988;44445;43634;42351;41619;41352;42382;37673
" ";" ";" ";" ";" ";"Gentofte";225116;231238;228917;255371;251484;241727;221924;211664;209990;211456;216942;192728
" ";" ";" ";" ";" ";"Gladsaxe";345495;358662;341356;352896;365252;381504;341584;361989;382355;293983;415491;387634
" ";" ";" ";" ";" ";"Glostrup";230603;230666;225016;222070;259636;255857;285175;253278;265788;251746;252138;239152
" ";" ";" ";" ";" ";"Herlev";119641;122858;118672;123859;125208;120644;82681;91746;76685;75616;80875;71351
" ";" ";" ";" ";" ";"Albertslund";88100;87183;83029;83195;85746;78822;76290;84504;88192;104412;103078;91005
" ";" ";" ";" ";" ";"Hvidovre";1509253;1826723;2549606;2365853;2687984;1913036;2971759;2305484;2139392;2051377;2004788;1955734
" ";" ";" ";" ";" ";"Høje-Taastrup";405553;406252;386344;380593;429239;390216;466175;605283;605758;442123;604880;582181
" ";" ";" ";" ";" ";"Lyngby-Taarbæk";277906;287265;275901;273373;289442;285902;298695;286734;262969;242812;212523;194091
" ";" ";" ";" ";" ";"Rødovre";98941;99892;98143;99952;100439;97849;95671;100766;101270;98518;101039;94248
" ";" ";" ";" ";" ";"Ishøj";54464;54117;55635;57130;58301;56483;55231;129487;105145;99152;110469;105548
" ";" ";" ";" ";" ";"Tårnby";199819;194847;188416;196732;191692;181421;186255;243012;242159;227434;220356;184787
" ";" ";" ";" ";" ";"Vallensbæk";42245;43381;42409;34550;33360;36488;36707;36167;32630;30293;32317;29652
" ";" ";" ";" ";" ";"Furesø";105714;110551;106450;110785;111375;110352;102382;100971;105119;101514;104913;93916
" ";" ";" ";" ";" ";"Allerød";109608;111294;107776;107811;110048;104099;103254;116051;113979;114879;106087;98315
" ";" ";" ";" ";" ";"Fredensborg";177555;166994;167089;169559;166167;152263;148841;146550;138343;132776;132336;125603
" ";" ";" ";" ";" ";"Helsingør";295158;309639;300185;290511;291202;281170;269915;266359;268177;254038;290557;250137
" ";" ";" ";" ";" ";"Hillerød";354569;366646;347511;344384;344533;317321;327803;297017;274298;286961;323814;287595
" ";" ";" ";" ";" ";"Hørsholm";121154;120394;115388;118156;110857;109708;108830;99644;100368;99484;95837;86779
" ";" ";" ";" ";" ";"Rudersdal";409985;419068;411307;429634;472217;512562;528661;597290;598697;557118;557814;510629
" ";" ";" ";" ";" ";"Egedal";162380;167565;167637;169939;168621;165881;161410;158883;153555;158412;158780;143054
" ";" ";" ";" ";" ";"Frederikssund";456292;505239;518233;607509;494074;493935;507794;374414;337334;349642;357813;325909
" ";" ";" ";" ";" ";"Greve";178706;184713;179765;183342;184462;177624;174787;184235;180539;180771;192645;178162
" ";" ";" ";" ";" ";"Køge";470250;556957;542753;457730;435798;462583;448169;468836;475901;430661;462751;439493
" ";" ";" ";" ";" ";"Halsnæs";199377;198570;145108;169079;163732;174861;182881;190390;193218;145726;156567;159301
" ";" ";" ";" ";" ";"Roskilde";360988;363743;353840;356743;356017;341279;337468;344566;353292;408498;367405;329066
" ";" ";" ";" ";" ";"Solrød";72909;76377;75147;73952;73457;70954;69379;70445;72448;64696;65951;61141
" ";" ";" ";" ";" ";"Gribskov";229167;284861;215610;225791;233635;230741;229952;243549;232829;217559;223188;213100
" ";" ";" ";" ";" ";"Odsherred";218033;223867;221205;228307;227296;216138;204149;208378;208519;203256;208635;200448
" ";" ";" ";" ";" ";"Holbæk";446710;456280;451555;446147;446861;428485;419968;426179;435633;401526;422379;397887
" ";" ";" ";" ";" ";"Faxe";295121;297341;395941;370467;376065;375515;381841;402464;366545;310086;316199;319843
" ";" ";" ";" ";" ";"Kalundborg";5183281;4754370;4089614;5479868;3476495;4140630;5957902;4962370;3935699;3867769;3167448;2757808
" ";" ";" ";" ";" ";"Ringsted";229750;235058;237708;232172;229551;212652;218969;213698;186811;211097;200816;187787
" ";" ";" ";" ";" ";"Slagelse";1739524;1334807;1713657;2915757;1744801;1382565;2618197;1712271;1282500;745086;652008;479612
" ";" ";" ";" ";" ";"Stevns";201376;207445;203597;196756;191047;186762;179422;173214;173696;152942;159080;149180
" ";" ";" ";" ";" ";"Sorø";214077;217522;221661;219537;225086;205108;189661;189487;192916;190051;191065;180874
" ";" ";" ";" ";" ";"Lejre";155073;155177;156638;176062;156289;153684;154676;199637;180870;154817;159033;151652
" ";" ";" ";" ";" ";"Lolland";544624;543025;533150;560187;574015;560244;553349;574198;624238;529530;529591;545674
" ";" ";" ";" ";" ";"Næstved";617612;601865;596902;592951;585676;562490;544874;543176;549992;521476;536764;509356
" ";" ";" ";" ";" ";"Guldborgsund";545282;534591;550046;574358;571878;537960;529073;546974;601610;553324;556344;561357
" ";" ";" ";" ";" ";"Vordingborg";399597;394112;402690;401370;400000;396066;381301;371932;346021;334757;336131;325978
" ";" ";" ";" ";" ";"Bornholm";410265;398933;394201;364941;370888;353521;355657;341418;330063;345552;346549;310304
" ";" ";" ";" ";" ";"Middelfart";280743;326913;311437;337442;361663;358919;357911;348457;346307;280578;299150;291619
" ";" ";" ";" ";" ";"Assens";478892;482612;478264;490999;489787;470094;433710;424723;443964;357533;389910;379897
" ";" ";" ";" ";" ";"Faaborg-Midtfyn";551383;573736;553519;545445;548006;524043;499834;523868;517506;460984;483061;454322
" ";" ";" ";" ";" ";"Kerteminde";189678;193292;183196;190720;184686;177193;181867;190017;188856;174564;173289;168036
" ";" ";" ";" ";" ";"Nyborg";372148;352614;342437;331311;399524;307103;286938;304296;283778;280984;271398;265563
" ";" ";" ";" ";" ";"Odense";2278575;2313694;2223117;2279838;2428133;2241992;2411112;2132328;2361780;2317327;2411373;1728589
" ";" ";" ";" ";" ";"Svendborg";382829;407564;388603;390349;407940;388902;374341;361395;326878;338589;328972;321902
" ";" ";" ";" ";" ";"Nordfyns";328462;339154;340756;334596;330936;333270;312684;306253;288622;300580;301827;288802
" ";" ";" ";" ";" ";"Langeland";137855;138477;134075;132717;125048;124687;119528;120973;139895;129316;127217;125040
" ";" ";" ";" ";" ";"Ærø";69457;70904;69787;66154;61762;56744;53432;55060;37397;58370;50612;49085
" ";" ";" ";" ";" ";"Haderslev";662707;643181;646499;619112;632889;622641;568474;550002;553360;528323;542530;524430
" ";" ";" ";" ";" ";"Billund";388803;405909;384655;384196;386921;365726;296372;291099;279078;274649;274193;263829
" ";" ";" ";" ";" ";"Sønderborg";756451;690890;700066;720533;857336;693771;702942;697057;686133;597055;610800;598256
" ";" ";" ";" ";" ";"Tønder";857166;885398;880449;850752;868489;872614;844341;746166;737800;675350;711366;690200
" ";" ";" ";" ";" ";"Esbjerg";2450087;2805146;2688462;2943203;2550501;2517163;2983799;2788384;1978608;2134544;2120569;2913160
" ";" ";" ";" ";" ";"Fanø";8676;11402;10037;8855;8061;8637;9200;7406;10175;7997;8405;8386
" ";" ";" ";" ";" ";"Varde";725248;736912;713085;711720;724268;704308;697593;673407;654832;652676;634410;620805
" ";" ";" ";" ";" ";"Vejen";516949;523605;518384;531657;530272;521185;503804;535588;506750;532608;530409;502128
" ";" ";" ";" ";" ";"Aabenraa";4126567;4104609;4435624;4313641;3614390;1861019;3249265;2983442;3492910;2910024;3374706;2092504
" ";" ";" ";" ";" ";"Fredericia";2001964;2087869;1987434;2513541;1689196;1373514;1740874;1242023;1420883;1762204;1631639;1455202
" ";" ";" ";" ";" ";"Horsens";635869;654044;634256;648828;633930;619595;629180;581329;576540;578845;597075;556378
" ";" ";" ";" ";" ";"Kolding";793572;802489;792628;783980;797289;735738;758828;612290;578448;531336;545680;524145
" ";" ";" ";" ";" ";"Vejle";1074869;950928;924608;941266;956565;944597;930274;729734;754732;715869;692933;659765
" ";" ";" ";" ";" ";"Herning";925195;947882;834041;800733;760409;750589;730084;756769;761975;729041;737971;730988
" ";" ";" ";" ";" ";"Holstebro";519571;545591;537225;527393;536086;517602;500370;490027;516698;481591;492958;472245
" ";" ";" ";" ";" ";"Lemvig";560458;567844;543342;528390;515863;498427;499165;457613;503606;467117;496531;479482
" ";" ";" ";" ";" ";"Struer";182854;177218;196244;181695;170097;169194;158129;177744;147991;169231;164658;157410
" ";" ";" ";" ";" ";"Syddjurs";307696;300034;308824;307830;304811;302510;279215;272004;265105;255105;253694;250400
" ";" ";" ";" ";" ";"Norddjurs";588391;591944;548721;535779;566618;531519;516011;381044;390730;381533;378636;381175
" ";" ";" ";" ";" ";"Favrskov";449464;435752;432015;426531;435151;447730;455246;429432;391060;344569;353741;340484
" ";" ";" ";" ";" ";"Odder";150295;139147;138222;134746;131729;135358;135497;135849;118850;125933;123188;119008
" ";" ";" ";" ";" ";"Randers";978230;1008424;982924;955098;1050714;943583;883333;734324;674909;580803;577460;537545
" ";" ";" ";" ";" ";"Silkeborg";809501;822971;807326;787856;786741;783354;817966;913740;958488;978615;971770;918391
" ";" ";" ";" ";" ";"Samsø";48600;51442;49879;46951;45150;44799;44193;44287;48882;43066;43920;42995
" ";" ";" ";" ";" ";"Skanderborg";283653;328116;308282;314536;308483;306949;298596;310343;302374;275484;281304;272798
" ";" ";" ";" ";" ";"Aarhus";2481617;3297472;3340406;3716464;3340224;3032059;3935315;3264755;3765701;3677783;3390750;3254096
" ";" ";" ";" ";" ";"Ikast-Brande";390346;410313;375739;368023;372666;376000;361704;398256;350651;386479;400648;375955
" ";" ";" ";" ";" ";"Ringkøbing-Skjern";928653;962911;966624;941680;946516;909055;874037;855808;851171;778076;812773;780381
" ";" ";" ";" ";" ";"Hedensted";582747;580853;574911;583745;595919;601972;611386;471646;491198;452600;490495;475970
" ";" ";" ";" ";" ";"Morsø";297603;307449;303814;305386;301707;286701;289556;296033;297684;283127;306009;287664
" ";" ";" ";" ";" ";"Skive";576651;590064;581488;582450;576368;563999;564025;560235;586101;508788;545698;522610
" ";" ";" ";" ";" ";"Thisted";618189;639981;606594;616514;610293;608328;583920;564152;571955;564831;570859;545844
" ";" ";" ";" ";" ";"Viborg";1081622;1066017;1046801;1049704;1090883;1094389;1074102;1087981;976783;979315;1001646;972168
" ";" ";" ";" ";" ";"Brønderslev";332759;349948;329452;331836;338378;359474;372613;341693;340827;313328;325110;316824
" ";" ";" ";" ";" ";"Frederikshavn";601352;597316;594077;517033;515802;498087;500988;531690;549173;521099;548455;529433
" ";" ";" ";" ";" ";"Vesthimmerlands";610323;624325;622927;616391;623438;626268;638981;484280;483525;443868;457057;442599
" ";" ";" ";" ";" ";"Læsø";22799;21221;22296;21600;22103;21388;20207;20818;21398;19810;21160;19989
" ";" ";" ";" ";" ";"Rebild";352724;356813;356181;360183;350053;361535;367865;338319;369207;321024;342141;332059
" ";" ";" ";" ";" ";"Mariagerfjord";801832;811055;792914;793591;781974;798694;759679;673586;555574;517106;589250;509443
" ";" ";" ";" ";" ";"Jammerbugt";450946;470944;450483;454114;458887;450767;424885;451804;441803;440552;447997;429247
" ";" ";" ";" ";" ";"Aalborg";5077577;5372183;5144333;6377319;5387503;5300216;6065625;6592783;5100270;4954844;5343595;4379856
" ";" ";" ";" ";" ";"Hjørring";777147;775180;754703;733691;717234;666789;633445;657618;654958;626635;639243;675583

"Den faktiske udledning af drivhusgasser henfører udledningen til "
"kommuner og regioner, hvor udledningen rent faktisk har fundet sted. "
"I opgørelsen af bruttoudledningen er der korrigeret sådan, at "
"energiforsyningens udledning henføres til de kommuner og regioner, "
"hvor forbruget af deres produkter, fx el og fjernvarme, finder sted.  "
"Udledning pr. indbygger er opgjort i kg. Udledning pr. mio. kr. "
"bruttoværditilvækst er opgjort i ton pr. mio. kr for CO2 og GWP og i "
"kg pr. mio. kr for N2O og CH4. "

